category,keyword,headline,body,press,url,crawled_at
복지지원사업,장애인 복지 서울,"서울시, 장애인 맞춤형 보조기기 136명에 무상 대여",정진우 서울시 복지실장은 “경제적 부담으로 적합한 보조기기를 이용하기 어려웠던 장애인에게 이번 장기대여 사업이 실질적인 도움이 될 것으로 기대한다”며 “전문적인 보조공학 서비스와 지속적인 사후관리 등 내실 있는 사업 운영으로 의 자립생활과 사회참여에 도움이 되도록 하겠다”고 밝혔다.,이데일리,https://n.news.naver.com/mnews/article/018/0006337170?sid=100,2026-07-27 16:51:05
복지지원사업,장애인 복지 서울,용인시의회 ‘약자복지’ 실종...반다비·어르신 교통비 제동,-장애인·비장애인 통합체육시설 1200여명 건립 촉구에도 세 번째 좌초 -경기 지역 21개 시·군 시행 ‘어르신 버스비’ 보류 ...당리당략 우선 비판 거세 〔스포츠서울│용인=좌승훈기자〕제10대 용인시의회 첫 임시회에서 장애인 체육시설 건립과 어르신 교통비 지원사업이 막히면서 ‘약자 후퇴’라는...,스포츠서울,https://n.news.naver.com/mnews/article/468/0001256087?sid=102,2026-07-27 16:51:06
복지지원사업,장애인 복지 서울,“‘아빠’라 부르던 장애인 성폭행”…색동원 시설장 징역 20년 구형,검찰은 24일 서울중앙지법 형사합의29부(부장판사 엄기표) 심리로 열린 결심공판에서 성폭력처벌법상 강간 등 상해와 장애인복지법 위반 혐의 등으로 기소된 시설장 김모(62)씨에게 징역 20년을 선고해 달라고 재판부에 요청했다. 검찰은 이와 함께 20년간 전자장치 부착과 10년간 아동·청소년· 관련 기관...,중앙일보,https://n.news.naver.com/mnews/article/025/0003539969?sid=102,2026-07-27 16:51:06
복지지원사업,장애인 복지 서울,"사랑의열매, 폭염·폭우 취약계층에 125억원 지원","중앙회와 전국 17개 시도 지회를 통해 저소득 가구와 노인, 아동·청소년, 장애인 등 취약계층 및 복지사각지대 이웃 29만2000여명과 사회복지시설... 한편 서울 사회복지공동모금회는 서울시교육청에 '희망2026 학교나눔캠페인'을 통해 조성된 성금 1억2000만원을 전달했다고 밝혔다. 성금은 관내 교육...",뉴시스,https://n.news.naver.com/mnews/article/003/0014077393?sid=102,2026-07-27 16:51:06
복지지원사업,장애인 복지 서울,"돌코리아, 서울장애인종합복지관 20년 동행 기념 과일, 채소 활용 영양...","돌코리아는 지난 22일 서울 강동구 고덕동 서울장애인종합복지관에서 복지관 이용자 7명을 대상으로 과일과 채소를 활용한 영양 교육 및 요리 체험 프로그램을 진행했다고 밝혔다. 이번 프로그램은 서울장애인종합복지관과의 오랜 후원 관계를 기념하는 동시에, 돌코리아가 보유한 과일과 영양 분야의 전문성을...",스포츠조선,https://n.news.naver.com/mnews/article/076/0004428710?sid=101,2026-07-27 16:51:09
복지지원사업,장애인 복지 서울,복지시설 행정에 생성형 AI 도입…서울시 맞춤형 컨설팅,"서울시복지재단은 장애인직업재활시설과 재가노인지원시설을 대상으로 '2026년 사회복지시설 맞춤형 컨설팅'을 시작한다고 20일 밝혔다. 컨설팅은 직업재활 서비스 과정 개선, 성과 중심 사업관리 체계 구축, 운영 규정·행정 서식 표준화 등 3개 분야로 진행한다. 직업재활시설에는 서비스 과정 진단과...",연합뉴스,https://n.news.naver.com/mnews/article/001/0016202450?sid=102,2026-07-27 16:51:10
복지지원사업,장애인 복지 서울,"서울시, 거주시설 장애인 자립지원 사업 정규화…개인 맞춤 지원","참여자들은 12월까지 필요로 하는 분야에 월 40만원씩 최대 240만원을 받을 수 있다. 정진우 서울시 복지실장은 ""2년의 시범사업 결과를 토대로 올해 본 사업을 촘촘히 준비했다""며 ""거주시설 장애인들이 지역사회에서 함께 살아갈 수 있도록 지원사업을 내실 있게 운영하겠다""라고 말했다.",연합뉴스,https://n.news.naver.com/mnews/article/001/0016207855?sid=102,2026-07-27 16:51:10
복지지원사업,장애인 복지 서울,복지 데이터에 AI 입히니…시각장애인 길잡이 서비스 탄생,사회보장 데이터와 인공지능(AI)을 활용한 복지 서비스가 창업 아이디어로 구체화되고 있다. 올해는 시각장애인에게 길을 안내해주는 AI 길잡이 서비스가 경진에서 상을 거머줬다. 한국사회보장정보원은 지난 22일 서울 광진구 본원 대강당에서 ‘2026 국민행복 서비스 발굴·창업 경진대회’ 시상식을...,이데일리,https://n.news.naver.com/mnews/article/018/0006335389?sid=102,2026-07-27 16:51:10
복지지원사업,장애인 복지 서울,“장애인 가족 파국 막으려면...” 자폐 아들 둔 시한부 아빠의 호소,"복지 매뉴얼은 작동하지 않았다 하지만 지금의 이 생이별은 그가 그토록 간절히 꿈꿔왔던 기적 중 하나다. 작년 4월 시한부 판정을 받은 뒤, 그는 자신이... 서울시 등 지자체들은 2009년부터 장애인의 지역사회 정착을 지원하는 탈시설 정책을 추진해왔고, 문재인 정부도 2021년 ‘탈시설 지역사회...",조선일보,https://n.news.naver.com/mnews/article/023/0003988717?sid=102,2026-07-27 16:51:15
복지지원사업,장애인 복지 서울,"발달장애인도 읽을 수 있는 판결문, 법이 드디어 눈높이를 낮췄다","공공기관의 각종 안내문, 복지 서비스 신청 매뉴얼, 일상적인 계약서와 복잡한 법률문서는 비장애인에게조차 때로 숨이 턱 막히는 난공불락의 영역이다.... 결국 A씨는 행정소송을 제기했고, 서울행정법원 행정7부는 ""IQ 수치에만 의존할 것이 아니라 당사자가 실제로 겪는 일상생활의 제약과 적응 능력을...",오마이뉴스,https://n.news.naver.com/mnews/article/047/0002523250?sid=102,2026-07-27 16:51:15
복지지원사업,장애인 복지 서울,'서울온' 하나면 복지카드 없이 할인…공공시설 이용료 감면,앞으로는 장애인등록증이나 국가유공자증 등 복지카드를 따로 챙기지 않아도 서울시 공공시설 이용료를 감면받을 수 있게 된다. 서울시는 오는 21일부터 '서울온' 앱에서 복지대상 자격을 확인하면 별도의 복지카드나 종이 증명서 없이 공공시설 이용료를 감면받을 수 있는 '분야 모바일 자격확인 서비스'를...,뉴스1,https://n.news.naver.com/mnews/article/421/0009067999?sid=102,2026-07-27 16:51:16
복지지원사업,장애인 복지 서울,‘서울온’ 앱 깔면 복지카드 없이 서울대공원 등 이용료 할인된다,"서비스 대상은 장애인, 국가유공자, 한부모가족, 기초생활수급자, 차상위계층, 65세 이상 어르신 등 6개 복지대상이다. 이번 서비스 도입으로 서울 시민 3명 가운데 1명가량이 서울온을 통해 복지 대상 자격을 확인하고 공공시설 이용료를 감면받을 수 있다. 이용자는 자격 확인을 마치면 90일 동안 온 모바일...",헤럴드경제,https://n.news.naver.com/mnews/article/016/0002674858?sid=102,2026-07-27 16:51:16
복지지원사업,장애인 복지 서울,정신장애인 미술치료 전시 ‘딜루젼의 미술’ 개최,정신재활시설 한마음의집이 오는 9월 1일부터 6일까지 서울 종로구 대학로 장애인문화예술센터 이음갤러리에서 미술치료 프로그램 전시회 '딜루젼의 미술'을 연다. 이번 전시는 사회복지공동모금회 지원으로 운영한 미술치료 프로그램 참여자들이 완성한 작품과 창작 경험을 지역사회와 나누기 위해 마련됐다....,여성신문,https://n.news.naver.com/mnews/article/310/0000138632?sid=102,2026-07-27 16:51:16
복지지원사업,장애인 복지 서울,"서울 양천구, 맞춤 복지 강화…중증장애인 1000여명 전수 조사","서울 양천구는 오는 10월까지 11개 유형 중증장애인 1095명을 대상으로 생활실태와 복지욕구를 파악하는 ‘장애인 전수조사’를 실시한다고 17일 밝혔다. 구는 장애인복지법에 따라 2019년부터 3년 주기로 15개 장애유형을 전수 조사한다. 2024년엔 발달, 지난해에는 지체·뇌병변 을 대상으로...",국민일보,https://n.news.naver.com/mnews/article/005/0001861624?sid=102,2026-07-27 16:51:21
복지지원사업,장애인 복지 서울,"강동구 ""8월까지 발달장애인 생활안심보험 신청하세요""","강동구 거주 발달장애인 대상 배상책임·상해보험 가입 지원 서울 강동구(구청장 이수희)는 오는 8월 31일까지 발달장애인의 일상생활 중 사고에 대비할... 자세한 사항은 강동구청 누리집이나 장애인복지과를 통해 확인할 수 있다. 이수희 강동구청장은 ""발달 생활안심보험에 700명 이상이 신청하는 등...",더팩트,https://n.news.naver.com/mnews/article/629/0000517692?sid=102,2026-07-27 16:51:21
복지지원사업,장애인 복지 서울,"김경우 서울시의원, 제12대 서울시의회 전반기 보건복지위원회 위원장 ...","서울시의회는 지난 21일 개최된 제338회 임시회에서 서울시 여성, 가족, 장애인, 노인 등과 관련된 복지 및 보건의료 정책과 예산을 다루는 보건복지위원회 위원장으로 김경우 의원(더불어민주당, 동작구 제2선거구)을 선출했다. 제10대에 이어 제12대 시의회 의원으로 재선된 김경우 보건위원장은 약사...",서울신문,https://n.news.naver.com/mnews/article/081/0003663326?sid=102,2026-07-27 16:51:21
복지지원사업,장애인 복지 서울,"서울시복지재단, 예비 사회복지사 실무역량 키운 '부트캠프' 마무리","이어 종합사회복지관과 장애인복지관 실무자들이 참여해 현장 이슈를 공유하고, 참가자들은 이를 바탕으로 프로젝트 기획안을 마련한 뒤 멘토링을 통해 내용을 구체화했다. 참가자들은 기관별 프로젝트 결과를 발표하고 실무자들과 해결 방안을 공유하며 교육을 마무리했다. 임지영 교육센터장은...",뉴스1,https://n.news.naver.com/mnews/article/421/0009069361?sid=102,2026-07-27 16:51:22
복지지원사업,장애인 복지 서울,"이찬진 ""금융, 일상 디딤돌 돼야""…고령자·장애인 불편 청취",고령자와 장애인 등 금융 취약계층을 만나 현장 애로사항을 청취했다. 이 원장은 이날 오전 서울 여의도 본원에서 고령자·장애인·소비자단체 등 30여명이... 조석영 한국장애인복지관협회장은 장애 유형별 특성을 고려한 맞춤형 금융서비스와 교육 확대가 필요하다고 건의했다. 구체적으로는 청각을 위한...,연합뉴스,https://n.news.naver.com/mnews/article/001/0016197873?sid=101,2026-07-27 16:51:28
복지지원사업,장애인 복지 서울,하나 되고 달란트 나누고… 장애인 성도들의 여름수련회,서울 강남구 소망교회(김경진 목사) 소망부 성도들이 여름수련회를 기다리는 이유 중 하나는 물놀이다. 지난 18일 경기도 광주 소망수양관 앞마당에는... 심진산 독일 선교사는 “독일은 장애인 복지와 전문 돌봄 체계가 잘 갖춰져 있지만 한국교회 공동체에서 볼 수 있는 것처럼 가족같이 함께 지내며 정서적...,국민일보,https://n.news.naver.com/mnews/article/005/0001862501?sid=103,2026-07-27 16:51:29
복지지원사업,장애인 복지 서울,복지카드 없이 '서울온'으로 공공시설 할인…모바일 자격확인 시작,"서울시는 21일 '서울온' 앱을 통한 '복지분야 모바일 자격확인 서비스'를 시작했다고 밝혔다. 서비스 대상은 장애인과 국가유공자, 한부모가족, 기초생활수급자, 차상위계층, 65세 이상 어르신 등 6개 복지대상이다. 서울시는 시민 약 3명 중 1명이 해당 서비스를 이용할 수 있을 것으로 보고 있다. 이용자는...",뉴스1,https://n.news.naver.com/mnews/article/421/0009071570?sid=102,2026-07-27 16:51:29
복지지원사업,장애인 복지 서울,저소득 직역연금 수급자·배우자에 장애인연금 지급 검토,보건복지부 관계자는 22일 서울신문과의 통화에서 “장애인연금은 제도 전반이 기초연금과 비슷하게 설계됐다”며 “기초연금이 직역연금 관련 기준을 바꾸면 장애인연금도 같이 따라가는 것으로 검토되고 있다”고 밝혔다. 앞서 부는 지난 16일 대통령 업무보고에서 저소득 직역연금 수급자와...,서울신문,https://n.news.naver.com/mnews/article/081/0003663441?sid=102,2026-07-27 16:51:37
복지지원사업,장애인 복지 서울,복지카드 없이 앱으로…'서울온' 켜고 감면 받으세요,"서울시가 오늘부터 행정서비스 플랫폼 '서울온' 앱을 통해 복지 분야 모바일 자격 확인 서비스를 시작합니다. 서비스 대상은 장애인, 국가유공자, 한부모가족, 기초생활수급자, 차상위계층, 65세 이상 고령층 등인데요. 서울대공원과 식물원 등 주요 공공시설 14곳에서 이용할 수 있습니다. 별도로 카드나...",SBS,https://n.news.naver.com/mnews/article/055/0001374003?sid=102,2026-07-27 16:51:37
복지지원사업,장애인 복지 서울,번아웃 부모부터 살핀다…발달장애인 위기가구 발굴 나선 정부,"(보건복지부 제공) 보건복지부는 14일 서울에서 한국지적발달장애인복지협회와 한국장애인부모회, 한국자폐인사랑협회, 전국장애인부모연대 등 장애인 부모단체와 발달장애인 위기가구 지원을 위한 ‘손잡아드림’ 업무협약을 체결했다고 밝혔다. 이번 협약에 따라 부모단체는 전국 시도 지회와 시군구...",이데일리,https://n.news.naver.com/mnews/article/018/0006329972?sid=102,2026-07-27 16:51:38
복지지원사업,장애인 복지 서울,"""무더위 이겨낼 작은 힘 되길""…뉴시스·시큐아이, 성북장애인복지관서...","양사 임직원 30여명은 15일 서울 성북구 성북장애인복지관에서 삼계탕 나눔 봉사활동을 진행했다. 이날 봉사자들은 복지관을 이용하는 장애인과 성북구 거주 어르신 등 140여명에게 삼계탕을 배식했다. 식사 자리를 안내하고 손 사용이 불편해 닭고기 살을 직접 발라 먹기 어려운 , 어르신 곁에서 식사를...",뉴시스,https://n.news.naver.com/mnews/article/003/0014068782?sid=101,2026-07-27 16:51:56
복지지원사업,장애인 복지 서울,"경찰, `장애인 폭행` 색동원 종사자 7명 무더기 입건",(사진 = 연합뉴스 제공) 10일 경찰에 따르면 서울경찰청 여성청소년범죄수사계는 장애인복지법 위반 혐의로 색동원 종사자 7명을 입건해 수사하고 있다. 이들은 색동원에 입소한 중증 장애인들을 폭행한 혐의를 받는다. 경찰은 지난 2월부터 색동원 종사자 12명을 상대로 입건 전 조사를 벌여왔다. 경찰은...,이데일리,https://n.news.naver.com/mnews/article/018/0006326976?sid=102,2026-07-27 16:51:56
복지지원사업,장애인 복지 서울,"""발달장애인 자립 돕는다""…영등포구, 평생교육센터 학습자 모집","서울 영등포구는 '영등포구발달장애인평생교육센터'에서 성인 발달장애인을 대상으로 학습자를 상시 모집한다고 16일 밝혔다. 2020년 문을 연 영등포구발달장애인평생교육센터는 특수교사와 직업재활사, 사회복지사, 평생교육사 등 전문 인력이 참여해 평생교육과 돌봄 서비스를 제공하고...",뉴스1,https://n.news.naver.com/mnews/article/421/0009062599?sid=102,2026-07-27 16:51:57
복지지원사업,장애인 복지 서울,"복지부, 복지 선제지원·기초연금 개편 역점",위기에 곧바로 대응하기 위해 읍면동 현장에서 소액 긴급생계비를 우선 지원할 수 있도록 긴급복지제도를 내년 중 개편한다. ◆ 중증장애인 생계급여... 현재 서울에만 2곳이 있는 중증 모자의료센터를 5극 중심으로 전국 6개소까지 단계적으로 확충한다. 의료·간병 필요도가 높은 환자 대상으로 내년 중...,더팩트,https://n.news.naver.com/mnews/article/629/0000516842?sid=102,2026-07-27 16:52:08
복지지원사업,장애인 복지 서울,"복지부, 지역필수의료 특별회계 신설…연 3.6조 투입해 의료개혁 속도","권역응급의료센터를 최대 60여곳으로 확대하고 서울에만 있는 중증 모자의료센터를 전국 6곳으로 늘리는 한편, 바이오헬스 산업 육성과 통합돌봄 체계... 노인과 장애인 등이 거주지에서 필요한 의료와 돌봄 서비스를 받을 수 있도록 지역사회 중심 돌봄체계 전환도 추진할 예정이다. 보건부 관계자는...",파이낸셜뉴스,https://n.news.naver.com/mnews/article/014/0005549259?sid=103,2026-07-27 16:52:08
복지지원사업,장애인 복지 서울,"서울시, 복지부 장애인 건강관리사업평가 '우수'…광역단체 유일",장관 표창 전체 45개 중 서울서만 11개 차지 서울시는 지난 26일 보건복지부 주관으로 열린 '2026년 장애인 건강보건 통합성과대회'에서 '장애인건강보건관리사업 우수 지자체'로 선정됐다고 29일 밝혔다. 통합성과대회는 전국 보건소와 관련 기관들이 지역사회 건강보건사업 성과를 공유하고 우수...,연합뉴스,https://n.news.naver.com/mnews/article/001/0016164525?sid=102,2026-07-27 16:52:18
복지지원사업,장애인 복지 서울,"강훈식 ""장애인 특공, 범죄 악용 매우 심각…엄정 조치·제도 점검 필요...","강 실장은 최근 청각장애인들의 명의를 빌려 서울 강남 등에서 총 30채, 분양가 기준 208억원 상당의 아파트를 불법으로 분양받은 브로커 일당이 적발된... 이에 성평등가족부와 보건복지부, 경찰청 등 관계 부처는 전자담배 등 청소년 유해약물의 판매 실태를 신속히 점검하고 필요한 행정 조치를 취할 것을...",뉴시스,https://n.news.naver.com/mnews/article/003/0014049196?sid=100,2026-07-27 16:52:19
복지지원사업,장애인 지원 서울,"서울시, 폭염 취약계층 보호 시설 확대·물품 지원","먼저 노숙인과 쪽방 주민을 대상으로 무더위 대피 공간과 밤더위 대피소를 제공하고, 구호 물품과 식수 등을 지원합니다. 독거 어르신과 장애인, 만성질환자 등은 수시로 안부를 확인하고, 생계가 어려운 가구에는 서울형 긴급 복지와 냉방비 부담 완화를 위한 에너지 바우처 등을 제공합니다. 시는 또...",KBS,https://n.news.naver.com/mnews/article/056/0012225632?sid=102,2026-07-27 16:52:21
복지지원사업,장애인 지원 서울,"박재만 사장 ""포천 장애인콜택시 환승 없이 서울·인천 간다""",경기 포천시 장애인콜택시 이용자들이 이제 서울과 인천까지 환승 없이 한 번에 이동할 수 있게 됐다. 경기교통공사가 교통약자의 이동 편의를 높이기... 한편 경기교통공사는 현재 경기도 광역이동지원센터를 운영하며 31개 시·군 통합배차 체계를 기반으로 특별교통수단 광역이동 서비스를 하고 있다....,아시아경제,https://n.news.naver.com/mnews/article/277/0005794025?sid=102,2026-07-27 16:52:25
복지지원사업,장애인 지원 서울,서울 용산구 “폭염 취약가구 에어컨 청소·냉매 충전 지원”,"서울 용산구가 폭염에 취약한 저소득 가구가 쾌적하게 여름을 지낼 수 있도록 에어컨 청소 등을 지원했다고 23일 밝혔다. 구는 지역의 저소득 557가구를... 지원 대상은 65세 이상 어르신과 장애인, 보훈 대상자가 사는 저소득가구 중 신청 가구다. 구는 벽걸이형과 스탠드형, 천장형 등 에어컨 종류에 따라 분리...",서울신문,https://n.news.naver.com/mnews/article/081/0003664083?sid=102,2026-07-27 16:52:25
복지지원사업,장애인 지원 서울,"서울시, 장애인직업재활시설·재가노인지원센터 AI 지원",서울시복지재단이 사회복지시설 역량 강화와 서비스 품질 향상을 위해 '2026년 사회복지시설 맞춤형 컨설팅'을 시작한다고 20일 밝혔다. 올해는 2025년 사회복지시설 평가를 받은 장애인직업재활시설과 재가노인지원서비스센터를 대상으로 컨설팅을 제공한다. 재단은 복지 현장 디지털 전환 추세를 반영해...,뉴시스,https://n.news.naver.com/mnews/article/003/0014074753?sid=102,2026-07-27 16:52:30
복지지원사업,장애인 지원 서울,"무신사, 맞춤형 정형신발 지원 사업 확대",겪는 장애인 대상 정형신발 제작 지원 사업을 진행하고 있다. 무브 프로젝트는 취약계층 및 이동약자의 실질적인 이동권을 보장하고 복지 사각지대를... 지난 4월 모집을 시작한 1차 사업에서는 ▲서울 ▲경기 ▲인천 등 수도권 전역에서 성장기 청소년부터 장년층에 이르는 다양한 연령대의 대상자 10명이 최종...,지디넷코리아,https://n.news.naver.com/mnews/article/092/0002430679?sid=105,2026-07-27 16:52:35
복지지원사업,장애인 지원 서울,"데상트코리아, 시각장애인 스포츠 지원에 1억5000만원 기부",데상트코리아가 시각장애인의 스포츠 활동 지원을 위해 서울시각장애인스포츠연맹에 기부금 1억5000만원을 전달했다고 10일 밝혔다. 이번 기부는 데상트코리아가 공동 주관·후원한 '제12회 시각장애인과 함께하는 어울림마라톤'을 마친 뒤 시각 스포츠 을 위한 후속 사회공헌 활동의 일환으로...,뉴시스,https://n.news.naver.com/mnews/article/003/0014058184?sid=101,2026-07-27 16:52:36
복지지원사업,장애인 지원 서울,장애인·임산부 'QR코드' 찍으면 셀프주유소도 직원이 나와 주유,"서울시·4대 정유사, '이동약자 주유 서비스' 내달 146곳으로 확대 장애인이나 임산부 등 이동약자가 서울 시내 셀프주유소에서 QR코드로 직원을... 주유 지원을 받을 수 있다. 현재 서울 시내 주유소 390곳 가운데 셀프주유소는 275곳으로 70.5%를 차지한다. 다음 달 확대가 끝나면 전체 셀프주유소의 53.1%에서...",연합뉴스,https://n.news.naver.com/mnews/article/001/0016195698?sid=102,2026-07-27 16:52:41
복지지원사업,장애인 지원 서울,"서울경찰, 퇴직공무원 활용 '관계성범죄 모니터링 지원단' 확대","지난달 사업 운영 이후 현재까지 우선 모니터링 238건과 아동·노인·장애인 등 고위험 가구(시설) 합동 방문 23건을 실시했다. 관악경찰서에서는 교제폭력... 등 지원 사례도 있었다. 서울경찰청 관계자는 ""지원단 활동이 관계성 범죄 피해자 사후관리의 사각지대를 해소하고 현장 경찰의 업무 부담을 줄이는 데...",연합뉴스,https://n.news.naver.com/mnews/article/001/0016195929?sid=102,2026-07-27 16:52:56
복지지원사업,장애인 지원 서울,"장애인·비장애인 함께 탄다… 서울시, '유니버설디자인 택시' 도입","28일 서울시는 장애인 이동지원 서비스와 일반 택시 영업을 결합한 '유니버설디자인(Universal Design) 택시'를 7월 1일부터 시범 운영한다고 밝혔다. 2026년 4월 기준 서울의 65세 이상 고령인구는 약 194만명으로, 전체 인구의 20.3%를 차지하고 있다. 또한 바우처택시 이용건수는 2022년 48만건에서 2025년...",아시아경제,https://n.news.naver.com/mnews/article/277/0005782290?sid=102,2026-07-27 16:53:13
복지지원사업,장애인 지원 서울,"[게시판] 우리금융, 발달장애인 자립 지원 '굿윌스토어 밀알신길점' 개...",▲ 우리금융그룹 우리금융미래재단은 지난 26일 밀알복지재단과 함께 서울 영등포구 신길동에 발달장애인 자립 지원 매장인 '굿윌스토어 밀알신길점'을 개점했다고 28일 밝혔다. 굿윌스토어는 기업과 개인이 기부한 물품을 판매한 수익으로 발달을 고용하는 근로사업장이다. 밀알신길점은...,연합뉴스,https://n.news.naver.com/mnews/article/001/0016162998?sid=101,2026-07-27 16:53:14
복지지원사업,장애인 지원 서울,"서울시 장애인 소형버스, 충청·강원권도 달린다","현재 서울장애인버스는 서울 시내 주요 명소를 둘러보는 '서울 시티투어'와 명절 연휴 전 수도권 내 장사시설을 미리 방문할 수 있도록 지원하는 '사전 성묘 지원' 프로그램도 운영하고 있다. 한국영 서울시설공단 이사장은 ""이번 운영 기준 개선은 휠체어를 이용하는 의 이동 반경을 수도권에서 전국...",뉴시스,https://n.news.naver.com/mnews/article/003/0014044190?sid=102,2026-07-27 16:53:14
복지지원사업,장애인 지원 서울,"'휠체어농구 고교 맛집' 장곡고, 제2회 코웨이컵 우승! '서울림 에이스...","코웨이컵은 코웨이와 서울시장애인체육회, 서울시장애인농구협회가 공동 주최·주관하는 청소년 통합스포츠 체험의 장이다. 올해는 지난해보다... 코웨이는 이번 대회를 위해 각 학교에 휠체어농구 교실 프로그램을 지원하고 리그 2연패에 빛나는 '코웨이 블루휠스' 에이스들이 지도와 심판, 대회 운영에...",스포츠조선,https://m.sports.naver.com/basketball/article/076/0004425285,2026-07-27 16:53:23
복지지원사업,장애인 지원 서울,"[시대진단]장애인 이동권 시위 25년, 무엇이 달라졌나","평균 배차 대기시간은 30분대로, 일부 1~2시간으로 늘어난 것은 콜택시 수요가 한 번에 몰리거나 출퇴근 시간 차량 정체 때문이라고 서울시는 반박한다. 정부는 장애인 콜택시 사업이 지자체 소관으로, 인건비 지원은 불가하다는 입장이다. 시외·고속버스 : ""휠체어석 설치 불가"" vs ""우리에겐 없는 교통수단...",동행미디어 시대,https://n.news.naver.com/mnews/article/417/0001151454?sid=102,2026-07-27 16:53:23
복지지원사업,장애인 지원 서울,"""장애인 반, 비장애인 반. 그런 세상을 꿈꿔요""","앞으로 후원자도 더 생기고, 서울시의 지원도 생겨서 우리에게 힘이 되면 좋겠어요."" ▲ 참정권 문제, 사직동주민센터에서 ⓒ 박연지 발달장애인의 참정권과 자기결정권 - 센터 상황이 어려워졌지만, 동료들은 예전과 다름없이 활동에 힘쓰고 있는 것 같아요. 요즘 연지가 가장 관심을 기울이고 신경을 써온...",오마이뉴스,https://n.news.naver.com/mnews/article/047/0002522748?sid=102,2026-07-27 16:53:24
복지지원사업,장애인 지원 서울,"동대문구, 장애인 친화미용실…총 7곳 확대",서울 동대문구는 14일 신규 장애인 친화미용실 3곳과 업무협약을 체결했다고 밝혔다. 장애인이 생활권 가까이에서 편리하게 이미용 서비스를 이용할 수 있도록 지원하는 등 지역사회와 함께하는 장애인복지를 확대하기 위해서다. 신규 미용실 3곳을 새롭게 지정하면서 구에서 운영하는 친화미용실은 기존...,서울신문,https://n.news.naver.com/mnews/article/081/0003661139?sid=102,2026-07-27 16:53:24
복지지원사업,장애인 지원 서울,"GH, 한국장애인개발원 일자리 지원","경기주택도시공사는 서울 영등포 한국장애인개발원에서 중증장애인생산품 판로 확대와 장애인 일자리 창출·지원을 위해 한국장애인개발원과 업무협약(MOU)을 체결했다고 30일 밝혔다. 협약에 따라 부지조성, 건축 등 개발사업 과정에 필요한 건설 자재와 안전용품은 물론 시설관리 용역에도 중증생산품...",헤럴드경제,https://n.news.naver.com/mnews/article/016/0002663322?sid=100,2026-07-27 16:53:24
복지지원사업,장애인 지원 서울,"데상트코리아, 서울시각장애인스포츠연맹에 1억 5천만원 기부","데상트코리아가 시각장애인의 스포츠 활동 지원을 위해 서울시각장애인스포츠연맹에 기부금 1억 5000만 원을 전달했다고 10일 밝혔다. 이번 기부는 데상트코리아가 공동 주관·후원사로 참여한 '제12회 시각장애인과 함께하는 어울림마라톤'을 지난달 13일 마치고, 시각 스포츠 을 위한 실질적...",뉴스1,https://n.news.naver.com/mnews/article/421/0009051800?sid=101,2026-07-27 16:53:35
복지지원사업,장애인 지원 서울,"서울 노원구, 장애인 가족과 함께 하는 '꿀잼' 워터파크[경향포토]","20일 서울 노원구 노원기차마을 일대에서 운영 중인 '2026 꿀잼 워터파크'에서 관내 장애인들이 물놀이를 즐기고 있다. 노원구는 물놀이장 휴장일인 이날 장애인과 가족, 활동지원사 등 400여 명을 초청했다. 지난 16일 개장한 워터파크는 오는 8월16일까지, 오전 10시부터...",경향신문,https://n.news.naver.com/mnews/article/032/0003459220?sid=102,2026-07-27 16:53:47
복지지원사업,장애인 지원 서울,"무신사, 이동약자 ‘맞춤형 정형신발’ 지원 대상 2배 확대","지원 대상은 선·후천적 발 기능 장애나 변형 등으로 기성 신발 착용이 어려운 장애인이다. 정형신발은 개인별 발 상태를 정밀 측정해 수작업으로 제작된다. 무신사는 사업 재원을 전액 지원하고, 본사가 있는 서울 성동구 성수동 수제화거리의 정형신발 전문 제조업체 ‘하람공방’과 협력해 맞춤형 신발을...",조선비즈,https://n.news.naver.com/mnews/article/366/0001179246?sid=101,2026-07-27 16:53:47
복지지원사업,장애인 지원 서울,냉(冷)큼 달려갑니다…용산구 “폭염 취약가구 대상 에어컨 청소 ”,"서울 용산구가 폭염에 취약한 저소득가구의 건강하고 쾌적한 여름나기를 돕기 위한 에어컨 청소 지원사업을 완료했다고 23일 밝혔다. 최근 기후변화로... 지원은 만 65세 이상 어르신 가구, 장애인 가구, 보훈 가구 중 신청 가구를 대상으로 진행됐다. 대상 가구에는 벽걸이형, 스탠드형, 천장형 등 에어컨 종류별...",문화일보,https://n.news.naver.com/mnews/article/021/0002806388?sid=102,2026-07-27 16:53:47
복지지원사업,장애인 지원 서울,"이찬진 금감원장, 고령자·장애인 불편 청취...“금융, 일상의 디딤돌 ...","16일 서울 여의도 금융감독원에서 열린 ‘금융소비자 현장 목소리 청취 간담회’에서 이 원장은 고령자·장애인·소비자단체, 금융업계 관계자와 일반... 거주 장애인을 위한 지원 강화를 요청했다. 소비자단체는 투자성 금융상품 가입 과정에서 핵심 위험에 대한 설명은 강화하되 중복 서류와 불필요한 절차는...",조선비즈,https://n.news.naver.com/mnews/article/366/0001179793?sid=101,2026-07-27 16:53:59
복지지원사업,장애인 지원 서울,"무신사, 이동약자 맞춤형 정형신발 지원 사업 확대","올 4월 시작된 1차 모집에서는 서울·경기·인천 등 수도권에서 성장기 청소년부터 장년층까지 다양한 연령대의 장애인 10명이 지원 대상으로 선정됐다. 현재 대상자들의 발 형태 측정과 보행 스캔 등 정밀 계측을 마치고 맞춤형 신발 제작을 진행 중이며, 이달 말부터 순차적으로 전달할 예정이다. ...",서울경제,https://n.news.naver.com/mnews/article/011/0004641800?sid=101,2026-07-27 16:53:59
복지지원사업,장애인 지원 서울,"“비가 와도 행복해요”···단 하루, 장애인만을 위한 ‘워터파크’ ...","지난해까지 서울과학기술대학교 광장에서 운영하다 올해부터 노원철도공원으로 자리를 옮겼다. 20일 이른 아침부터 비가 내렸지만, 이들이 물장구를 치기에는 전혀 문제되지 않았다. 장애인과 가족, 활동지원사 등 400여 명은 내리는 비에 아랑곳하지 않고 신나게 물놀이를 즐겼다. 진호씨(25)는 물놀이장이...",경향신문,https://n.news.naver.com/mnews/article/032/0003459175?sid=102,2026-07-27 16:54:12
복지지원사업,장애인 지원 서울,"QR 찍으면 직원이 주유 지원…서울시, 이동 약자 서비스 확대","이동약자 주유 서비스는 지난 3월 서울시와 대한석유협회·한국주유소협회, SK에너지·GS칼텍스·S-OIL·HD현대오일뱅크 정유사와 업무협약을 맺으면서 시작됐다. 장애인·임산부 등 이동약자가 협력 셀프주유소에 부착된 스티커나 패널의 QR코드를 휴대전화로 찍으면 근무 중인 직원과 전화가 연결돼 주유...",서울신문,https://n.news.naver.com/mnews/article/081/0003661378?sid=100,2026-07-27 16:54:25
복지지원사업,장애인 지원 서울,"무신사, 장애인 맞춤형 정형신발 지원 확대…수혜 인원 2배 늘린다","지난 4월 시작한 1차 사업에서는 서울·경기·인천 등 수도권에서 성장기 청소년부터 장년층까지 다양한 연령대의 장애인 10명이 지원 대상으로 선정됐다. 현재 대상자별 발 모양 측정과 보행 스캔 등 정밀 계측을 마쳤으며, 이달 말까지 맞춤형 정형신발을 순차적으로 전달할 예정이다. 무신사는 단순한 물품...",아이뉴스24,https://n.news.naver.com/mnews/article/031/0001042382?sid=101,2026-07-27 16:54:26
복지지원사업,장애인 지원 서울,"맞춤형 정형신발 지원부터 도움벨 QR 서비스까지…유통업계, 이동약자 ...",겪는 장애인 대상 정형신발 제작 지원 사업을 진행중이다. 무브 프로젝트는 취약계층 및 이동약자의 실질적인 이동권을 보장하고 복지 사각지대를... 지난 4월 모집을 시작한 1차 사업에서는 서울·경기·인천 등 수도권 전역에서 성장기 청소년부터 장년층에 이르는 다양한 연령대의 대상자 10명이 최종...,스포츠조선,https://n.news.naver.com/mnews/article/076/0004425793?sid=101,2026-07-27 16:54:40
복지지원사업,장애인 지원 서울,"금감원장 “금융, 삶 지탱하는 디딤돌 돼야…고령자·장애인 접근성 개...","이 원장은 이날 서울 여의도 금감원 본원에서 열린 ‘금융소비자 현장 목소리 청취 간담회’에서 이같이 밝히며 “금융생활의 권리 주체로서 고령자, 장애인 등의 자기결정권이 제고될 수 있도록 맞춤형 지원을 강화하겠다”고 약속했다. 이 원장은 “그간 고령자· 등 여러 금융소비자의 금융접근성을...",헤럴드경제,https://n.news.naver.com/mnews/article/016/0002671062?sid=101,2026-07-27 16:54:41
복지지원사업,장애인 지원 서울,"성동구, 배움의 기회 넓히는‘평생교육이용권’ 지원","서울 성동구는 오는 27일까지 ‘2026년 평생교육이용권’ 지원 대상자를 모집한다고 16일 밝혔다. 평생교육이용권은 자격증, 어학, 창업, 인문학 등... 일반·디지털·노인 이용권은 서울시 평생교육이용권 누리집(홈페이지), 장애인 이용권은 정부24 누리집을 통해 온라인 신청할 수 있다. 유형별 모집 정원을...",서울신문,https://n.news.naver.com/mnews/article/081/0003661824?sid=102,2026-07-27 16:54:41
복지지원사업,장애인 지원 서울,"복지부·장애인 부모단체, 발달장애인 위기가구 발굴에 '맞손'","보건복지부는 14일 서울 용산구 포포인츠 바이 쉐라톤 조선 서울역에서 한국지적발달장애인복지협회, 한국장애인부모회, 한국자폐인사랑협회, 전국장애인부모연대와 발달장애인 위기가구 지원을 위한 '손잡아드림' 업무협약을 체결했다고 밝혔다. 부모단체는 시·도 지회와 시·군·구 지부 등 자체...",뉴스1,https://n.news.naver.com/mnews/article/421/0009058522?sid=105,2026-07-27 16:54:57
복지지원사업,장애인 지원 서울,"서울 10곳 중 7곳이 셀프 주유소…""장애인·임산부 도와드려요""",서울시가 셀프주유소 이용에 어려움을 겪는 장애인과 임산부 등 이동약자를 위한 주유 지원 서비스를 확대한다. 서울시는 지난 3월 시범 도입한 '이동약자 주유 서비스' 참여 주유소를 기존 46곳에서 16일부터 96곳으로 늘린다고 밝혔다. 다음 달에는 50곳을 추가로 참여시켜 총 146곳까지 서비스를 확대할...,뉴스1,https://n.news.naver.com/mnews/article/421/0009060632?sid=102,2026-07-27 16:55:14
장애인콜택시,장애인 콜택시 서울,"기아, 서울서 PV5 WAV 택시 첫 시범운행…""휠체어·일반승객 모두 탑승""","기아와 서울시는 이번 UD 택시 시범 운영으로 장애인 콜택시 공급 부족을 해소할 것으로 기대하고 있다. 아울러 UD 택시가 일반 택시 영업도 가능한 만큼, 택시 업계의 운영 효율화와 수익성 개선에도 도움이 될 것이란 관측이다. 해외에서는 영국 블랙캡, 일본 재팬택시 등 UD 택시가 일상적인 교통수단으로...",뉴시스,https://n.news.naver.com/mnews/article/003/0014032826?sid=101,2026-07-27 16:55:16
장애인콜택시,장애인 콜택시 서울,"장애인·비장애인 함께 탄다…서울시, 범용디자인 택시 운영",1단계에서는 중증 보행 장애인(장애인 콜택시 회원)을 대상으로 차량당 월 100건까지 우선 배차 서비스를 제공한다. 서울시설공단 이동지원센터를 통해 신청할 수 있다. 2단계에서는 월 100건 운행을 마친 차량이 일반 택시로 전환돼 비 시민도 앱 호출이나 배회 영업 방식으로 이용할 수 있다. 요금은...,뉴시스,https://n.news.naver.com/mnews/article/003/0014032405?sid=102,2026-07-27 16:55:16
장애인콜택시,장애인 콜택시 서울,"“장애인·비장애인 같이 탄다” 서울시, UD택시 시범사업 [서울N]","2026년 4월 기준 서울시는 총 848대의 장애인 콜택시를 확보했다. 구체적으로 장애인콜택시 691대, 법인 특장택시 150대, 장애인버스 7대 등이다. 현재 장애인콜택시를 이용하기 위해 서울시설관리공단에 회원으로 가입한 은 총 4만2891명이다. 단순 산술로 50명당 1대의 택시가 배차되는...",헤럴드경제,https://n.news.naver.com/mnews/article/016/0002660463?sid=102,2026-07-27 16:55:17
장애인콜택시,장애인 콜택시 서울,"[단독] 서울시, 하반신 장애인 콜택시 거부하며 “심한 장애 아니어서”",복지 이용에 ‘심한’ 장애인일 것을 요구 말라 대법원은 지난해 9월 김씨와 비슷한 처지를 겪은 장애인 사건에서 서울시설공단이 장애인콜택시 사용자를 하반신 기능 장애가 심한 장애인으로 좁게 해석하는 게 부당하다고 판결했다. 해당 사건의 2심 재판부는 “반드시 보행상 장애의 정도가 심한 일...,한겨레,https://n.news.naver.com/mnews/article/028/0002796045?sid=102,2026-07-27 16:55:20
장애인콜택시,장애인 콜택시 서울,"與 서울시장 후보들, 장애인 콜택시·일자리 복원 논의 이어가기로","이 자리에서 민주당 서울시장 후보들은 장애인 콜택시의 운행 시간을 하루 7시간에서 16시간으로 늘리기 위해 인건비를 증대하는 방안과 오세훈 시장이 해고한 공공일자리 400명을 복원하는 안건을 논의하고 서울시당에서 전장연과 실무적 협의를 이어가기로 합의했다. 김 의원은 ""문재인 정부 시절 20년 전망을...",더팩트,https://n.news.naver.com/mnews/article/629/0000461035?sid=100,2026-07-27 16:55:20
장애인콜택시,장애인 콜택시 서울,"정원오 ""장애인 권리 보장되는 서울""…간담회서 이동권 의견청취",간담회에서는 서울시 장애인 콜택시를 이용한 장애인과 민간 콜택시 업체 관계자 등으로부터 의견을 청취했다. 참석자들은 장애인 콜택시 공급 부족 문제와 더불어 경기도 등 타 지자체와 달리 서울시에서는 병원 진료·치료 목적일 경우에만 이용할 수 있다는 점 등을 불편 사항으로 꼽았다. 이에 정 후보는...,연합뉴스,https://n.news.naver.com/mnews/article/001/0016031954?sid=100,2026-07-27 16:55:20
장애인콜택시,장애인 콜택시 서울,"정원오, 장애인 정책 발표…""권리 보장하는 서울""","간담회에서는 서울과 경기도의 장애인 콜택시 이용 조건이 지적됐다. 정 후보는 ""경기는 장애인들이 재활이든 치료든 (이용을) 허용하는데 서울은 치료일 때만 허용된다""며 ""복지는 단순해야 하는데 장애인 콜택시가 필요한 경우 편하게 이용하도록 정책을 새로 만들겠다""고 말했다. 의 대중교통 이용과...",동행미디어 시대,https://n.news.naver.com/mnews/article/417/0001139816?sid=101,2026-07-27 16:55:20
장애인콜택시,장애인 콜택시 서울,[르포] ‘콜택시 승차까지 90분 걸렸다’ 전장연 ‘이동권’ 시위 서울...,"장애인 콜택시 접수 후 승차까지 1시간30분, 대기자 수도 급변 전장연 “운전원 부족이 장시간·불규칙 대기 형성” 서울시 “단시간 인력 투입이 현실적 대안” 9일 서울 종로구 동승동에서 서울시 장애인콜택시에 탑승하는 허종 씨의 모습. 정주원 기자 “는 이동 수단이 아니라, 하루 일정을...",헤럴드경제,https://n.news.naver.com/mnews/article/016/0002583980?sid=102,2026-07-27 16:55:20
장애인콜택시,장애인 콜택시 서울,"대법원, 중증 지체장애인에 콜택시 제공 거부한 서울시 배상 책임 확정","또한 대법원은 “공공기관 등은 장애인이 생명, 신체 또는 재산권 보호를 포함한 자신의 권리를 보호·보장받기 위해 필요한 사법·행정절차 및 서비스 제공에 있어 장애인을 차별해서는 안 될 법률상의 의무가 있다”며 원심이 시의 이용 신청 거부에 대해 “정당한 사유가 없다”고 본 데...",경향신문,https://n.news.naver.com/mnews/article/032/0003399934?sid=102,2026-07-27 16:55:25
장애인콜택시,장애인 콜택시 서울,"김영배 ""영등포 등 4대 거점 고밀 복합개발...고품질 공공주택 활성화""...","서울시가 장애인 콜택시 700여대 정도 소유하고 있는데, 하루 운영 시간이 7시간 밖에 안된다고 한다. 이걸 늘려달라는 요구였다. 그런데 오 시장은 전장연이 자신을 지지하지 않고 비판한다는 이유로 이러한 요구를 일방적으로 묵살했다. 이미 를 가지고 있으면서 운영 시간을 7시간에 머물게 방치하는...",조세일보,https://n.news.naver.com/mnews/article/123/0002379855?sid=100,2026-07-27 16:55:25
장애인콜택시,장애인 콜택시 서울,"전장연, 오늘부터 '출근길 서울 지하철 탑승' 시위 재개",전장연은 2027년도 예산안에 장애인 콜택시 운전기사 인건비를 보장해 줄 것을 정부에 요구하고 있다. 또 오세훈 서울시장이 2024년 폐지한 권리 중심 공공일자리를 복원하라고 촉구하고 있다. '권리 중심 공공일자리'는 2020년 시가 중증 과 탈시설 고용을 위해 내놓은 복지 정책이다....,한국일보,https://n.news.naver.com/mnews/article/469/0000939899?sid=102,2026-07-27 16:55:25
장애인콜택시,장애인 콜택시 서울,전장연 만난 與후보들 “장애인 공공일자리 복원 협의”,김 의원은 이날 간담회 후 백브리핑을 통해 “서울시 시설관리공단이 확보하고 있는 818대의 장애인콜택시가 하루에 7시간밖에 운행하지 못하고 있는데 이걸 하루 16시간 운행할 수 있도록 인건비를 늘려달라는 요구가 있었다”고 설명했다. 또 전장연 측은 오 시장이 해고한 공공일자리 400명을 복원해달라고...,동아일보,https://n.news.naver.com/mnews/article/020/0003688139?sid=100,2026-07-27 16:55:25
장애인콜택시,장애인 콜택시 서울,"‘욕 먹는 시위’ 잠시 멈춘 전장연, 왜?…지방선거 후 장애인이동권 달...",서울의 장애인 콜택시는 하루 평균 7시간만 운행돼 최대 대기 시간이 12시간에 달해 운영을 확대해달라는 게 이들의 요구다. 오세훈 서울시장이 폐지한 권리중심 중증장애인 일자리가 단순 고용을 넘어 장애인 권리 보장 차원에서 필요하다고 주장한다. 박 상임대표는 “이번 결정은 철회나 중단이 아니라...,경향신문,https://n.news.naver.com/mnews/article/032/0003420028?sid=100,2026-07-27 16:55:31
장애인콜택시,장애인 콜택시 서울,"[주장] 서울시 장애인콜, 시내요금만큼은 기본 요금으로 운영돼야","▲ 서울시에서는 시각장애인 지원을 위한 콜택시를 운영하고 있다. ⓒ 서울특별시 시각장애인 플러스 지원센터 시각장애인, 지체장애인, 중증장애인에게 복지콜, 장애인콜, 바우처콜은 필수불가결한 이동 수단이다. 많은 중증들은 이 교통수단을 통해 병원을 가고 복지관을 가며, 친구를 만나 취미...",오마이뉴스,https://n.news.naver.com/mnews/article/047/0002499568?sid=102,2026-07-27 16:55:31
장애인콜택시,장애인 콜택시 서울,"서울시, '지적장애인 콜택시 탑승 안 돼'... 법원 ""차별""","[관련 기사] 법원, 서울시의 장애인 차별행위 중지 임시조치 선고, https://omn.kr/28cpm 법원, 서울시 '중증지체장애인 콜택시 탑승 거부'는 ""차별"", https://omn.kr/26ubi 서울시만 탑승 거부... 근거 찾기 어려운 서울시 장애 해석, https://omn.kr/248gk 덧붙이는 글 | 글쓴이는 공익법률센터 파이팅챈스에서 활동하고 있습니다....",오마이뉴스,https://n.news.naver.com/mnews/article/047/0002473839?sid=102,2026-07-27 16:55:31
장애인콜택시,장애인 콜택시 서울,"서울시설공단 ""20일은 장애인 콜택시·버스 무료로 이용하세요""","장애인 콜택시는 모바일 앱, 서울시설공단 홈페이지, 콜센터에서 예약 가능하다. 이용 가능 장애인으로 등록돼 있지 않다면 사전에 콜센터에 신청 후 예약하면 된다. 다만 바우처 택시(티머니 온다)는 기존과 동일하게 유료다. 과 보호자가 함께 탈 수 있는 버스는 휠체어 이용 1명을 포함해...",한국일보,https://n.news.naver.com/mnews/article/469/0000860265?sid=102,2026-07-27 16:55:32
장애인콜택시,장애인 콜택시 서울,"與 서울시장 후보들, 전장연 만나 ""이동해야 배우고 일해""","이날 서미화 의원은 서울시의 장애인 노동자 해고 철회와 장애인 콜택시 이동권 보장을 위한 운전원 2.5명 확보 정책을 민주당 서울시장 후보자들의 우선 과제로 해 달라고 요청했다. 서미화 의원은 ""오세훈 서울시장이 취임한 후 하루아침에 노동자 400명을 일방적으로 해고했다""며 ""전장연과 ...",더팩트,https://n.news.naver.com/mnews/article/629/0000461032?sid=100,2026-07-27 16:55:38
장애인콜택시,장애인 콜택시 서울,"법원 ""지적장애인 콜택시 혼자 못 타게 하면 차별""","선택권, 이동권이 있고 장애인 콜택시에 단독 탑승해 이동할 권리를 가진다""며 ""탑승제한 조치는 장애인에 대한 차별""이라고 밝혔습니다. 앞서 서울시설공단은 장애인 콜택시 이용 규정상 '지적·자폐·정신장애를 가진 장애인은 반드시 보호자 동반이 필요하다'는 이유로 단독탑승을 불허했습니다.",MBC,https://n.news.naver.com/mnews/article/214/0001421598?sid=102,2026-07-27 16:55:38
장애인콜택시,장애인 콜택시 서울,"와상 장애인 위한 '콜택시' 생긴다… 서울시, 약자동행 규제철폐 추진","앞으로는 침대형 휠체어를 사용하는 와상 장애인도 탑승 가능한 장애인콜택시가 도입된다. 또한 그동안 보호자 없이는 탑승이 불가능했던 정신적 장애인들도 보호관찰이 필요하지 않은 경우에 한해 단독 탑승이 가능하도록 관련 규제가 폐지된다. 16일 시는 , 취약계층 청년 등 사회적 약자의 정책...",아시아경제,https://n.news.naver.com/mnews/article/277/0005561386?sid=102,2026-07-27 16:55:39
장애인콜택시,장애인 콜택시 서울,"일시적 장애인도 '장애인 콜택시' 이용…서울시, 시범사업 연장",서울시가 장애인 콜택시 이용대상자를 '일시적 장애인'까지 확대하는 시범사업을 11월 1일부터 2년간 더 연장하기로 했다. 31일 서울시에 따르면 시는 일시적 장애인에 대한 최소한의 이동 수단을 지원하기 위해 지난 2022년 11월부터 시범 운영한 '일시적 제도' 기간을 더 연장한다. 이로써 시범 사업...,뉴스1,https://n.news.naver.com/mnews/article/421/0007878530?sid=102,2026-07-27 16:55:39
장애인콜택시,장애인 콜택시 서울,"정원오 ""저상버스 확대, 장애인 콜택시 대기시간 단축""",더불어민주당 정원오 서울시장 후보가 저상버스 도입 확대와 장애인 콜택시 대기시간 단축 등을 주요 내용으로 한 장애인 이동권 보장 공약을 발표했습니다. 정 후보는 오늘(19일) 보도자료에서 관련 노선을 전수조사하고 도로와 정류장 환경을 개선해 저상버스 도입을 확대하겠다고 했습니다. 또 모든...,YTN,https://n.news.naver.com/mnews/article/052/0002354970?sid=004,2026-07-27 16:55:39
장애인콜택시,장애인 콜택시 서울,"""서울 장애인 콜택시, 출퇴근 시간대 평균 77분 기다려""","시간대 집중 배차하고, 외부 전문가를 활용해 배차 시스템을 분석, 효율적인 배차 계획을 수립할 필요가 있다""고 지적했다. 이에 서울시설공단 측은 ""장애인콜택시 서비스 개선 방안을 적극 검토하겠다""며 ""앞으로도 장애인 이용자들의 편의를 최우선으로 삼아 서비스 개선에 최선을 다하겠다""고 약속했다.",뉴시스,https://n.news.naver.com/mnews/article/003/0012830097?sid=102,2026-07-27 16:55:46
장애인콜택시,장애인 콜택시 서울,"출근길 80분 기다리는 장애인 콜택시…""출근 때 일하면 장려금""","한편 서울시는 장애인 콜택시 대기 시간을 줄이기 위해 지난달 말 법인 특장 택시 30대를 추가해 관내 장애인 콜택시를 총 752대까지 늘렸다. 법인 특장 택시란 기존 택시 회사가 휠체어 이용 승객을 태울 수 있도록 리프트가 달린 특장차를 구매하고, 이후 시가 운행 대가를 지원하는 택시를 말한다....",뉴스1,https://n.news.naver.com/mnews/article/421/0007753782?sid=102,2026-07-27 16:55:46
장애인콜택시,장애인 콜택시 서울,장애인이 못 타는 장애인콜택시가 있다?…“‘헌법불합치’도 無소용”...,"서울시 장애인콜택시 콜센터에 '와상장애인용 차량' 배차를 요청하니, ""와상 차량은 몇 대 없어서, 배차까지 1시간 훨씬 넘게 걸릴 수 있다""고 말합니다. 그래도 기다리겠다고 하자, ""이 차량도 사실 휠체어를 최대 45도 정도만 젖힐 수 있고, 완전히 누워가실 수는 없다""는 답이 돌아왔습니다. 일반 ...",KBS,https://n.news.naver.com/mnews/article/056/0011962747?sid=102,2026-07-27 16:55:47
장애인콜택시,장애인 콜택시 서울,서울 장애인 콜택시 100대당 사고 9건…법인택시보다 많아,"서울시의회 교통위원회 국민의힘 소영철 의원이 서울시 등으로부터 제출받은 자료에 따르면, 서울 장애인콜택시 교통사고는 최근 4년간 444건 발생했다. 2020년 80건, 2021년 94건, 2022년 123건, 2023년 147건 등 사고는 매년 늘고 있다. 의 차량 100대당 사고 건수는 2020년 6....",조선비즈,https://n.news.naver.com/mnews/article/366/0000976040?sid=102,2026-07-27 16:55:47
장애인콜택시,장애인 콜택시 서울,[M피소드] '보행상 장애가 심한 장애인'?‥없는 개념으로 장애인 콜택시...,"[제보는 MBC] ""걷지 못하는데 '장애인 콜택시' 못 타게 해""‥서울시와 법정 공방 2라운드 https://imnews.imbc.com/replay/2023/nwdesk/article/6514684_36199.html 2. ""보행 장애 심하지 않아도 장애인 콜택시 탈 수 있어야"" https://imnews.imbc.com/replay/2023/nwdesk/article/6556075_36199.html 취재기자 : 김세영 유서영 영상취재 : 장영근",MBC,https://n.news.naver.com/mnews/article/214/0001321691?sid=102,2026-07-27 16:55:47
장애인콜택시,장애인 콜택시 서울,"""대중교통 이용 어려운데 '장애인 콜택시' 거부는 차별…임시 허용하라...","또한 이 사건과 관련, 황 씨가 진행 중인 본안 판결 확정 전까지 서울시는 황 씨에게 장애인 콜택시를 비롯한 특별교통수단 이용을 허용해야 한다고 주문했다. 1994년 장애인으로 등록된 황 씨의 장애인 증명서에는 상반신 장애 정도는 심하지만, 하반신 장애는 심하지 않고, 종합적으로는 '장애 정도가 심한...",뉴스1,https://n.news.naver.com/mnews/article/421/0007490940?sid=102,2026-07-27 16:55:47
장애인콜택시,장애인 콜택시 서울,"법원, 서울시 '중증지체장애인 콜택시 탑승 거부'는 ""차별""",앞서 2022년 12월 서울중앙지법에서도 서울시의 장애인콜택시 이용거부는 위법하다고 판결한 바 있다(관련기사: 서울시만 탑승 거부... 근거 찾기 어려운 서울시 장애 해석 https://omn.kr/248gk). '보행상 장애의 정도가 심한 '인지 여부를 판단할 근거는 어느 법령에서도 찾아 볼 수 없는 것이 사실이다....,오마이뉴스,https://n.news.naver.com/mnews/article/047/0002416961?sid=102,2026-07-27 16:55:47
장애인콜택시,장애인 콜택시 서울,"부산·광주서 탄 '장애인 콜택시' 서울에선 못 타?…法 ""300만원 배상하...","항소심 재판부는 ""(황씨는) 대전, 부산, 제주 등지에서 장애인콜택시를 여러 차례 이용했다""며 ""원고(황씨)가 이 사건 거부행위 이후 현재까지 3년 이상의 기간 동안 서울에서 장애인콜택시를 이용하지 못하고 있고 이는 에서 거주하고 있는 원고에게 큰 불편을 주었을 것인 점, 원고가 를...",노컷뉴스,https://n.news.naver.com/mnews/article/079/0003846469?sid=102,2026-07-27 16:55:56
장애인콜택시,장애인 콜택시 서울,"장애인 콜택시 거부한 서울시…法 ""보행장애 덜 심해도 탈 수 있어야""",1심 재판부는 하지 장애가 심하지 않다는 이유로 장애인 콜택시 탑승을 불허한 서울시와 공단의 처분이 정당하다고 판단했다. 한정된 콜택시를 효율적으로 운영해 배차 대기시간을 줄이기 위한 결정으로 본 것이다. 또 이런 행위는 차별에 해당하지 않는다며 A씨의 손해배상 청구도 기각했다. 항소심...,머니투데이,https://n.news.naver.com/mnews/article/008/0004977896?sid=102,2026-07-27 16:55:57
